full, полный
resource, ресурс
safe, безопасный
buy, купить
poor, бедный
response, ответ
after, после
notice, уведомление
player, игрок
kill, убийство
popular, популярный
above, выше
long, длинный
out, вне
force, сила
interest, интерес
dark, темный
part, часть
seek, искать
receive, получать
thank, благодарить
seat, сиденье
down, вниз
why, почему
maintain, поддерживать
section, раздел
tell, рассказывать
will, воля
home, дом
ten, десять
entire, весь
about, о
no, нет
down, вниз
although, хотя
boy, мальчик
word, слово
score, счет
affect, оказывать воздействие
rich, богатый
sea, море
tell, рассказывать
cover, крышка
drop, уронить
six, шесть
bit, кусочек
bit, кусочек
include, включать
without, без
well, хорошо
station, станция
entire, весь
son, сын
film, фильм
fill, наполнять
big, большой
cause, причина
available, доступный
catch, ловить
collection, коллекция
need, нуждаться
focus, фокус
new, новый
agree, соглашаться
success, успех
especially, особенно
book, книга
blood, кровь
above, выше
form, форма
too, слишком
indicate, указывать
well, хорошо
yourself, сам
act, действовать
beyond, вне
